transactions,total_revenue,avg_revenue,rev_share_pct
35146,3118390.44,88.72675240425653,66.8
5933,519420.52,87.54770267992585,11.1
6000,510646.92,85.10782,10.9
5845,522336.74,89.36471171941831,11.2
