total_revenue,avg_revenue,customer_count,rev_share_pct
2868407.7399999998,6878.675635491606,417,61.4
905958.68,2359.2673958333335,384,19.4
806899.87,1987.4381034482758,406,17.3
89528.33,343.02042145593873,261,1.9
